{
  "project_info": {
    "project_number": "1039073738053",
    "project_id": "projeto-mobile-b4460",
    "storage_bucket": "projeto-mobile-b4460.appspot.com"
  },
  "client": [
    {
      "client_info": {
        "mobilesdk_app_id": "1:1039073738053:android:e9ce53573dcdbc5eec122c",
        "android_client_info": {
          "package_name": "com.example.recibos"
        }
      },
      "oauth_client": [
        {
          "client_id": "1039073738053-g01lbfhnlto4r7kmo12gabfv1f228hr9.apps.googleusercontent.com",
          "client_type": 3
        }
      ],
      "api_key": [
        {
          "current_key": "AIzaSyAv2gansb68-LNzQbCQ8Bs2vx6WP_X4M4s"
        }
      ],
      "services": {
        "appinvite_service": {
          "other_platform_oauth_client": [
            {
              "client_id": "1039073738053-g01lbfhnlto4r7kmo12gabfv1f228hr9.apps.googleusercontent.com",
              "client_type": 3
            },
            {
              "client_id": "1039073738053-1g1k4g3grnii37rqeqdlbpvqbn9ku2r3.apps.googleusercontent.com",
              "client_type": 2,
              "ios_info": {
                "bundle_id": "com.example.recibos"
              }
            }
          ]
        }
      }
    }
  ],
  "configuration_version": "1"
}